{"coco/bbox_mAP": 0.793, "coco/bbox_mAP_50": 0.969, "coco/bbox_mAP_75": 0.969, "coco/bbox_mAP_s": -1.0, "coco/bbox_mAP_m": -1.0, "coco/bbox_mAP_l": 0.793, "data_time": 2.099048709869385, "time": 2.8274696826934815}