{"coco/AP": 0.5691751191096552, "coco/AP .5": 1.0, "coco/AP .75": 0.613807414576044, "coco/AP (M)": -1.0, "coco/AP (L)": 0.5691751191096552, "coco/AR": 0.6047619047619047, "coco/AR .5": 1.0, "coco/AR .75": 0.7142857142857143, "coco/AR (M)": -1.0, "coco/AR (L)": 0.6047619047619047, "PCK": 0.9183673469387754, "AUC": 0.057993197278911564, "NME": 0.057578309593287184, "data_time": 1.446817954381307, "time": 1.8686983585357666}